,activityId,calories,durationInMilliseconds,elevationInMeters,endDate,endWorldTime,mapId,segmentDistanceInCentimeters,segmentDistanceInMeters,sport,timePenaltyMs,worldId,bibNumber,criticalP15Seconds,criticalP1Minute,criticalP20Minutes,criticalP5Minutes,eventId,eventSubgroupId,flaggedCheating,flaggedSandbagging,lateJoin,firstName,gender,heightInCentimeters,imageSrc,lastName,playerType,weightInGrams,profileId,qualified,rank,rankingValue,rankingValueWinnerDifference,avgWatts,avgHeartRate,heartRateMonitor,pairedSteeringDevice,powerType
0,1533779512997740592,641,3028194,423,2024-02-01T01:55:59.194+0000,292736484797,4,3468379,34683,CYCLING,0,1,0,892,458,233,307,4123413,5137507,False,False,False,.,MALE,165,https://static-cdn.zwift.com/prod/profile/9707c6a0-76126,Zim,VERIFIED,57611,7915,True,1,1706752559194,0,216,158,True,True,POWER_METER
1,1533778815266848768,779,3030856,423,2024-02-01T01:56:01.856+0000,292736487459,4,3468267,34682,CYCLING,0,1,0,790,469,283,331,4123413,5137507,False,False,False,Drew,MALE,168,https://static-cdn.zwift.com/prod/profile/913c2b69-387489,Stuart,NORMAL,63500,720515,True,2,1706752561856,2662,263,162,True,False,POWER_METER
2,1533779707261124656,796,3031003,423,2024-02-01T01:56:02.003+0000,292736487606,4,3468293,34682,CYCLING,0,1,0,736,505,296,352,4123413,5137507,False,False,False,Jameson,MALE,188,https://static-cdn.zwift.com/prod/profile/cd79e757-2918745,Ribbens,NORMAL,67000,7428,True,3,1706752562003,2809,272,0,False,False,POWER_METER
3,1533778650195853328,805,3031124,423,2024-02-01T01:56:02.124+0000,292736487727,4,3468638,34686,CYCLING,0,1,0,803,444,294,331,4123413,5137507,False,False,False,Travis,MALE,170,https://static-cdn.zwift.com/prod/profile/0d186080-767692,Stuart,NORMAL,64500,1480237,True,4,1706752562124,2930,269,166,True,False,POWER_METER
4,1533779562859593728,742,3031557,423,2024-02-01T01:56:02.557+0000,292736488160,4,3468189,34681,CYCLING,0,1,0,708,390,281,321,4123413,5137507,False,False,False,Sean,MALE,170,https://static-cdn.zwift.com/prod/profile/65f0fe40-309243,Dailey [WLC],NORMAL,63500,551676,True,5,1706752562557,3363,253,140,True,True,POWER_METER
5,1533777638185795600,829,3183019,423,2024-02-01T01:58:34.019+0000,292736639622,4,3468593,34685,CYCLING,0,1,0,479,384,274,296,4123413,5137507,False,False,False,Joseph,MALE,172,https://static-cdn.zwift.com/prod/profile/62c1d76d-2347444,Paulson (BoulderCentre),NORMAL,68100,4693255,True,6,1706752714019,154825,265,147,True,True,POWER_METER
6,1533779300875010064,887,3207532,423,2024-02-01T01:58:58.532+0000,292736664135,4,3468486,34684,CYCLING,0,1,0,482,399,295,319,4123413,5137507,False,False,False,Nate,MALE,185,https://static-cdn.zwift.com/prod/profile/f511ac00-420191,Pitzer|PhysioRM,NORMAL,72500,1333,True,7,1706752738532,179338,285,160,True,False,POWER_METER
7,1533778600820506624,793,3533901,423,2024-02-01T02:04:24.901+0000,292736990504,4,3468764,34687,CYCLING,0,1,0,442,333,251,286,4123413,5137507,False,False,False,Justin,MALE,182,https://static-cdn.zwift.com/prod/profile/11c51b0a-192013,Paulsen,NORMAL,69854,73443,True,8,1706753064901,505707,225,148,True,False,POWER_METER
