[
    {
        "activityData": {
            "activityId": "1533779512997740592",
            "calories": 641,
            "durationInMilliseconds": 3028194,
            "elevationInMeters": 423,
            "endDate": "2024-02-01T01:55:59.194+0000",
            "endWorldTime": 292736484797,
            "mapId": 4,
            "segmentDistanceInCentimeters": 3468379,
            "segmentDistanceInMeters": 34683,
            "sport": "CYCLING",
            "timePenaltyMs": 0,
            "worldId": 1
        },
        "bibNumber": 0,
        "criticalP": {
            "criticalP15Seconds": 892,
            "criticalP1Minute": 458,
            "criticalP20Minutes": 233,
            "criticalP5Minutes": 307
        },
        "eventId": 4123413,
        "eventSubgroupId": 5137507,
        "flaggedCheating": false,
        "flaggedSandbagging": false,
        "lateJoin": false,
        "profileData": {
            "firstName": ".",
            "gender": "MALE",
            "heightInCentimeters": 165,
            "imageSrc": "https://static-cdn.zwift.com/prod/profile/9707c6a0-76126",
            "lastName": "Zim",
            "playerType": "VERIFIED",
            "weightInGrams": 57611
        },
        "profileId": 7915,
        "qualified": true,
        "rank": 1,
        "rankingValue": 1706752559194,
        "rankingValueWinnerDifference": 0,
        "sensorData": {
            "avgWatts": 216,
            "heartRateData": {
                "avgHeartRate": 158,
                "heartRateMonitor": true
            },
            "pairedSteeringDevice": true,
            "powerType": "POWER_METER"
        }
    },
    {
        "activityData": {
            "activityId": "1533778815266848768",
            "calories": 779,
            "durationInMilliseconds": 3030856,
            "elevationInMeters": 423,
            "endDate": "2024-02-01T01:56:01.856+0000",
            "endWorldTime": 292736487459,
            "mapId": 4,
            "segmentDistanceInCentimeters": 3468267,
            "segmentDistanceInMeters": 34682,
            "sport": "CYCLING",
            "timePenaltyMs": 0,
            "worldId": 1
        },
        "bibNumber": 0,
        "criticalP": {
            "criticalP15Seconds": 790,
            "criticalP1Minute": 469,
            "criticalP20Minutes": 283,
            "criticalP5Minutes": 331
        },
        "eventId": 4123413,
        "eventSubgroupId": 5137507,
        "flaggedCheating": false,
        "flaggedSandbagging": false,
        "lateJoin": false,
        "profileData": {
            "firstName": "Drew",
            "gender": "MALE",
            "heightInCentimeters": 168,
            "imageSrc": "https://static-cdn.zwift.com/prod/profile/913c2b69-387489",
            "lastName": "Stuart",
            "playerType": "NORMAL",
            "weightInGrams": 63500
        },
        "profileId": 720515,
        "qualified": true,
        "rank": 2,
        "rankingValue": 1706752561856,
        "rankingValueWinnerDifference": 2662,
        "sensorData": {
            "avgWatts": 263,
            "heartRateData": {
                "avgHeartRate": 162,
                "heartRateMonitor": true
            },
            "pairedSteeringDevice": false,
            "powerType": "POWER_METER"
        }
    },
    {
        "activityData": {
            "activityId": "1533779707261124656",
            "calories": 796,
            "durationInMilliseconds": 3031003,
            "elevationInMeters": 423,
            "endDate": "2024-02-01T01:56:02.003+0000",
            "endWorldTime": 292736487606,
            "mapId": 4,
            "segmentDistanceInCentimeters": 3468293,
            "segmentDistanceInMeters": 34682,
            "sport": "CYCLING",
            "timePenaltyMs": 0,
            "worldId": 1
        },
        "bibNumber": 0,
        "criticalP": {
            "criticalP15Seconds": 736,
            "criticalP1Minute": 505,
            "criticalP20Minutes": 296,
            "criticalP5Minutes": 352
        },
        "eventId": 4123413,
        "eventSubgroupId": 5137507,
        "flaggedCheating": false,
        "flaggedSandbagging": false,
        "lateJoin": false,
        "profileData": {
            "firstName": "Jameson",
            "gender": "MALE",
            "heightInCentimeters": 188,
            "imageSrc": "https://static-cdn.zwift.com/prod/profile/cd79e757-2918745",
            "lastName": "Ribbens",
            "playerType": "NORMAL",
            "weightInGrams": 67000
        },
        "profileId": 7428,
        "qualified": true,
        "rank": 3,
        "rankingValue": 1706752562003,
        "rankingValueWinnerDifference": 2809,
        "sensorData": {
            "avgWatts": 272,
            "heartRateData": {
                "avgHeartRate": 0,
                "heartRateMonitor": false
            },
            "pairedSteeringDevice": false,
            "powerType": "POWER_METER"
        }
    },
    {
        "activityData": {
            "activityId": "1533778650195853328",
            "calories": 805,
            "durationInMilliseconds": 3031124,
            "elevationInMeters": 423,
            "endDate": "2024-02-01T01:56:02.124+0000",
            "endWorldTime": 292736487727,
            "mapId": 4,
            "segmentDistanceInCentimeters": 3468638,
            "segmentDistanceInMeters": 34686,
            "sport": "CYCLING",
            "timePenaltyMs": 0,
            "worldId": 1
        },
        "bibNumber": 0,
        "criticalP": {
            "criticalP15Seconds": 803,
            "criticalP1Minute": 444,
            "criticalP20Minutes": 294,
            "criticalP5Minutes": 331
        },
        "eventId": 4123413,
        "eventSubgroupId": 5137507,
        "flaggedCheating": false,
        "flaggedSandbagging": false,
        "lateJoin": false,
        "profileData": {
            "firstName": "Travis",
            "gender": "MALE",
            "heightInCentimeters": 170,
            "imageSrc": "https://static-cdn.zwift.com/prod/profile/0d186080-767692",
            "lastName": "Stuart",
            "playerType": "NORMAL",
            "weightInGrams": 64500
        },
        "profileId": 1480237,
        "qualified": true,
        "rank": 4,
        "rankingValue": 1706752562124,
        "rankingValueWinnerDifference": 2930,
        "sensorData": {
            "avgWatts": 269,
            "heartRateData": {
                "avgHeartRate": 166,
                "heartRateMonitor": true
            },
            "pairedSteeringDevice": false,
            "powerType": "POWER_METER"
        }
    },
    {
        "activityData": {
            "activityId": "1533779562859593728",
            "calories": 742,
            "durationInMilliseconds": 3031557,
            "elevationInMeters": 423,
            "endDate": "2024-02-01T01:56:02.557+0000",
            "endWorldTime": 292736488160,
            "mapId": 4,
            "segmentDistanceInCentimeters": 3468189,
            "segmentDistanceInMeters": 34681,
            "sport": "CYCLING",
            "timePenaltyMs": 0,
            "worldId": 1
        },
        "bibNumber": 0,
        "criticalP": {
            "criticalP15Seconds": 708,
            "criticalP1Minute": 390,
            "criticalP20Minutes": 281,
            "criticalP5Minutes": 321
        },
        "eventId": 4123413,
        "eventSubgroupId": 5137507,
        "flaggedCheating": false,
        "flaggedSandbagging": false,
        "lateJoin": false,
        "profileData": {
            "firstName": "Sean",
            "gender": "MALE",
            "heightInCentimeters": 170,
            "imageSrc": "https://static-cdn.zwift.com/prod/profile/65f0fe40-309243",
            "lastName": "Dailey [WLC]",
            "playerType": "NORMAL",
            "weightInGrams": 63500
        },
        "profileId": 551676,
        "qualified": true,
        "rank": 5,
        "rankingValue": 1706752562557,
        "rankingValueWinnerDifference": 3363,
        "sensorData": {
            "avgWatts": 253,
            "heartRateData": {
                "avgHeartRate": 140,
                "heartRateMonitor": true
            },
            "pairedSteeringDevice": true,
            "powerType": "POWER_METER"
        }
    },
    {
        "activityData": {
            "activityId": "1533777638185795600",
            "calories": 829,
            "durationInMilliseconds": 3183019,
            "elevationInMeters": 423,
            "endDate": "2024-02-01T01:58:34.019+0000",
            "endWorldTime": 292736639622,
            "mapId": 4,
            "segmentDistanceInCentimeters": 3468593,
            "segmentDistanceInMeters": 34685,
            "sport": "CYCLING",
            "timePenaltyMs": 0,
            "worldId": 1
        },
        "bibNumber": 0,
        "criticalP": {
            "criticalP15Seconds": 479,
            "criticalP1Minute": 384,
            "criticalP20Minutes": 274,
            "criticalP5Minutes": 296
        },
        "eventId": 4123413,
        "eventSubgroupId": 5137507,
        "flaggedCheating": false,
        "flaggedSandbagging": false,
        "lateJoin": false,
        "profileData": {
            "firstName": "Joseph",
            "gender": "MALE",
            "heightInCentimeters": 172,
            "imageSrc": "https://static-cdn.zwift.com/prod/profile/62c1d76d-2347444",
            "lastName": "Paulson (BoulderCentre)",
            "playerType": "NORMAL",
            "weightInGrams": 68100
        },
        "profileId": 4693255,
        "qualified": true,
        "rank": 6,
        "rankingValue": 1706752714019,
        "rankingValueWinnerDifference": 154825,
        "sensorData": {
            "avgWatts": 265,
            "heartRateData": {
                "avgHeartRate": 147,
                "heartRateMonitor": true
            },
            "pairedSteeringDevice": true,
            "powerType": "POWER_METER"
        }
    },
    {
        "activityData": {
            "activityId": "1533779300875010064",
            "calories": 887,
            "durationInMilliseconds": 3207532,
            "elevationInMeters": 423,
            "endDate": "2024-02-01T01:58:58.532+0000",
            "endWorldTime": 292736664135,
            "mapId": 4,
            "segmentDistanceInCentimeters": 3468486,
            "segmentDistanceInMeters": 34684,
            "sport": "CYCLING",
            "timePenaltyMs": 0,
            "worldId": 1
        },
        "bibNumber": 0,
        "criticalP": {
            "criticalP15Seconds": 482,
            "criticalP1Minute": 399,
            "criticalP20Minutes": 295,
            "criticalP5Minutes": 319
        },
        "eventId": 4123413,
        "eventSubgroupId": 5137507,
        "flaggedCheating": false,
        "flaggedSandbagging": false,
        "lateJoin": false,
        "profileData": {
            "firstName": "Nate",
            "gender": "MALE",
            "heightInCentimeters": 185,
            "imageSrc": "https://static-cdn.zwift.com/prod/profile/f511ac00-420191",
            "lastName": "Pitzer|PhysioRM",
            "playerType": "NORMAL",
            "weightInGrams": 72500
        },
        "profileId": 1333,
        "qualified": true,
        "rank": 7,
        "rankingValue": 1706752738532,
        "rankingValueWinnerDifference": 179338,
        "sensorData": {
            "avgWatts": 285,
            "heartRateData": {
                "avgHeartRate": 160,
                "heartRateMonitor": true
            },
            "pairedSteeringDevice": false,
            "powerType": "POWER_METER"
        }
    },
    {
        "activityData": {
            "activityId": "1533778600820506624",
            "calories": 793,
            "durationInMilliseconds": 3533901,
            "elevationInMeters": 423,
            "endDate": "2024-02-01T02:04:24.901+0000",
            "endWorldTime": 292736990504,
            "mapId": 4,
            "segmentDistanceInCentimeters": 3468764,
            "segmentDistanceInMeters": 34687,
            "sport": "CYCLING",
            "timePenaltyMs": 0,
            "worldId": 1
        },
        "bibNumber": 0,
        "criticalP": {
            "criticalP15Seconds": 442,
            "criticalP1Minute": 333,
            "criticalP20Minutes": 251,
            "criticalP5Minutes": 286
        },
        "eventId": 4123413,
        "eventSubgroupId": 5137507,
        "flaggedCheating": false,
        "flaggedSandbagging": false,
        "lateJoin": false,
        "profileData": {
            "firstName": "Justin",
            "gender": "MALE",
            "heightInCentimeters": 182,
            "imageSrc": "https://static-cdn.zwift.com/prod/profile/11c51b0a-192013",
            "lastName": "Paulsen",
            "playerType": "NORMAL",
            "weightInGrams": 69854
        },
        "profileId": 73443,
        "qualified": true,
        "rank": 8,
        "rankingValue": 1706753064901,
        "rankingValueWinnerDifference": 505707,
        "sensorData": {
            "avgWatts": 225,
            "heartRateData": {
                "avgHeartRate": 148,
                "heartRateMonitor": true
            },
            "pairedSteeringDevice": false,
            "powerType": "POWER_METER"
        }
    }
]