{
    "id": 4123413,
    "worldId": 1,
    "name": "Wednesday Night Worlds Race Series - Men - #1",
    "description": "Join the Bicycle Colorado group ride",
    "shortName": null,
    "shortDescription": "",
    "imageUrl": "https://cdn.zwift.com/club-images/EVENT/6c265b66-9365-4bae-83d7-88b621351a63",
    "rulesId": 64,
    "mapId": 4,
    "routeId": 1509089537,
    "routeUrl": null,
    "jerseyHash": 4225469098,
    "bikeHash": null,
    "visible": true,
    "overrideMapPreferences": false,
    "eventStart": "2024-02-01T01:05:31.000+0000",
    "durationInSeconds": 0,
    "distanceInMeters": 0.0,
    "laps": 3,
    "privateEvent": false,
    "invisibleToNonParticipants": false,
    "followeeEntrantCount": 1,
    "totalEntrantCount": 29,
    "followeeSignedUpCount": 1,
    "totalSignedUpCount": 29,
    "followeeJoinedCount": 1,
    "totalJoinedCount": 13,
    "eventSubgroups": [
        {
            "id": 5137507,
            "name": "Wednesday Night Worlds Race Series - Men - #1",
            "description": "Join the Bicycle Colorado group ride",
            "label": 1,
            "subgroupLabel": "A",
            "rulesId": 64,
            "mapId": 4,
            "routeId": 1509089537,
            "routeUrl": null,
            "jerseyHash": 4225469098,
            "bikeHash": null,
            "startLocation": 2,
            "invitedLeaders": [],
            "invitedSweepers": [],
            "paceType": 1,
            "fromPaceValue": 4.0,
            "toPaceValue": 5.0,
            "fieldLimit": null,
            "registrationStart": "2024-02-01T00:35:31.000+0000",
            "registrationEnd": "2024-02-01T01:05:31.000+0000",
            "lineUpStart": "2024-02-01T01:00:31.000+0000",
            "lineUpEnd": "2024-02-01T01:05:31.000+0000",
            "eventSubgroupStart": "2024-02-01T01:05:31.000+0000",
            "durationInSeconds": 0,
            "laps": 3,
            "distanceInMeters": 0.0,
            "signedUp": false,
            "signupStatus": 4,
            "registered": false,
            "registrationStatus": 4,
            "followeeEntrantCount": 0,
            "totalEntrantCount": 12,
            "followeeSignedUpCount": 0,
            "totalSignedUpCount": 12,
            "followeeJoinedCount": 0,
            "totalJoinedCount": 8,
            "auxiliaryUrl": "",
            "rulesSet": [
                "SHOW_RACE_RESULTS"
            ],
            "workoutHash": null,
            "customUrl": "",
            "overrideMapPreferences": false,
            "tags": [
                "jerseyunlock",
                "timestamp=1705935839652"
            ],
            "lateJoinInMinutes": 30,
            "timeTrialOptions": null,
            "accessValidationResult": null,
            "accessRules": [],
            "rangeAccessLabel": null
        },
        {
            "id": 5137517,
            "name": "Wednesday Night Worlds Race Series - Men - #1",
            "description": "Join the Bicycle Colorado group ride",
            "label": 3,
            "subgroupLabel": "C",
            "rulesId": 64,
            "mapId": 4,
            "routeId": 1509089537,
            "routeUrl": null,
            "jerseyHash": 4225469098,
            "bikeHash": null,
            "startLocation": 4,
            "invitedLeaders": [],
            "invitedSweepers": [],
            "paceType": 1,
            "fromPaceValue": 2.5,
            "toPaceValue": 3.2,
            "fieldLimit": null,
            "registrationStart": "2024-02-01T00:37:31.000+0000",
            "registrationEnd": "2024-02-01T01:07:31.000+0000",
            "lineUpStart": "2024-02-01T01:02:31.000+0000",
            "lineUpEnd": "2024-02-01T01:07:31.000+0000",
            "eventSubgroupStart": "2024-02-01T01:07:31.000+0000",
            "durationInSeconds": 0,
            "laps": 2,
            "distanceInMeters": 0.0,
            "signedUp": false,
            "signupStatus": 4,
            "registered": false,
            "registrationStatus": 4,
            "followeeEntrantCount": 1,
            "totalEntrantCount": 17,
            "followeeSignedUpCount": 1,
            "totalSignedUpCount": 17,
            "followeeJoinedCount": 1,
            "totalJoinedCount": 5,
            "auxiliaryUrl": "",
            "rulesSet": [
                "SHOW_RACE_RESULTS"
            ],
            "workoutHash": null,
            "customUrl": "",
            "overrideMapPreferences": false,
            "tags": [
                "jerseyunlock",
                "timestamp=1705935839652"
            ],
            "lateJoinInMinutes": 30,
            "timeTrialOptions": null,
            "accessValidationResult": null,
            "accessRules": [],
            "rangeAccessLabel": null
        }
    ],
    "eventSeries": null,
    "auxiliaryUrl": "",
    "imageS3Name": null,
    "imageS3Bucket": null,
    "sport": "CYCLING",
    "cullingType": "CULLING_SUBGROUP_ONLY",
    "rulesSet": [
        "SHOW_RACE_RESULTS"
    ],
    "recurring": false,
    "recurringOffset": null,
    "publishRecurring": false,
    "parentId": null,
    "type": "EVENT_TYPE_GROUP_RIDE",
    "workoutHash": null,
    "customUrl": "",
    "restricted": false,
    "unlisted": false,
    "eventSecret": "",
    "accessExpression": null,
    "tags": [
        "jerseyunlock",
        "timestamp=1705935839652"
    ],
    "lateJoinInMinutes": null,
    "timeTrialOptions": null,
    "microserviceName": "clubs",
    "microserviceExternalResourceId": "15c62b8b-6f14-49e1-8d30-8a49e4b504d6",
    "microserviceEventVisibility": "SHAREABLE",
    "minGameVersion": null,
    "recordable": false,
    "imported": false,
    "eventTemplateId": 100,
    "categoryEnforcement": false,
    "rangeAccessLabel": null,
    "eventType": "GROUP_RIDE"
}